,0,1,2,3,4,5,6,7,8,9,10,11,12,13,14,15,16,17,18,19,20,21,22,23,24,25,26,27,28,29,30,31,32,33,34,35,36,37,38,39,40,41,42,43,44,45,46,47,48,49,50,51,52,53,54,55,56,57,58,59,60,61,62,63,64,65,66,67,68,69,70
0,-1E-30,15.57829,18.80562,19.20291,20.29322,20.79429,21.51402,21.76114,22.66894,22.86588,22.65398,23.11345,22.76259,21.71007,21.9,21.34313,20.06347,19.13269,17.36203,14.26795,10.78507,9.028416,8.441669,8.160181,7.774068,7.173266,6.586668,6.263238,5.686129,4.355291,3.294107,-1E-30,-1E-30,-1E-30,-1E-30,-1E-30,-1E-30,-1E-30,-1E-30,-1E-30,-1E-30,-1E-30,-1E-30,-1E-30,-1E-30,-1E-30,-1E-30,-1E-30,-1E-30,-1E-30,-1E-30,-1E-30,-1E-30,-1E-30,-1E-30,-1E-30,-1E-30,-1E-30,-1E-30,-1E-30,-1E-30,-1E-30,-1E-30,-1E-30,-1E-30,-1E-30,-1E-30,-1E-30,-1E-30,-1E-30,-1E-30
1,-1E-30,15.94145,18.35456,19.02041,19.81821,20.77691,21.48204,21.968,22.57039,22.78404,22.30219,22.52714,22.55239,21.63551,22.35036,21.67222,20.09071,19.0713,17.4058,15.622,11.52532,9.479796,9.455138,9.41784,9.105617,8.211337,8.120174,6.588218,6.616694,5.699371,4.663936,2.921504,-1E-30,-1E-30,-1E-30,-1E-30,-1E-30,-1E-30,-1E-30,-1E-30,-1E-30,2.10775,2.818832,2.643944,-1E-30,-1E-30,-1E-30,-1E-30,-1E-30,-1E-30,-1E-30,-1E-30,-1E-30,-1E-30,-1E-30,-1E-30,-1E-30,-1E-30,-1E-30,-1E-30,-1E-30,-1E-30,-1E-30,-1E-30,-1E-30,-1E-30,-1E-30,-1E-30,-1E-30,-1E-30,-1E-30
2,-1E-30,15.72975,17.29839,18.64717,19.17625,20.9067,21.71681,22.043,21.80145,21.648,21.74316,21.85109,21.84739,21.40588,22.1301,22.03779,20.34554,18.3796,17.38601,15.43322,11.13009,9.550346,10.06778,10.96319,11.13876,10.82366,9.983765,8.225454,7.125073,6.156621,6.18061,5.771523,3.632333,-1E-30,-1E-30,-1E-30,-1E-30,-1E-30,-1E-30,2.010483,1.440767,0.5763487,3.442559,3.553288,2.62,-1E-30,-1E-30,-1E-30,-1E-30,-1E-30,-1E-30,-1E-30,-1E-30,-1E-30,-1E-30,-1E-30,-1E-30,-1E-30,-1E-30,-1E-30,-1E-30,-1E-30,-1E-30,-1E-30,-1E-30,-1E-30,-1E-30,-1E-30,-1E-30,-1E-30,-1E-30
3,-1E-30,12.55544,15.00161,15.96871,17.36857,20.03778,20.65849,21.18873,20.9484,21.07464,21.2008,21.19634,20.81025,21.08907,21.93834,21.68486,20.09216,17.52621,17.51022,15.18852,10.59635,10.45557,11.85423,12.46294,11.84383,11.6249,9.782807,9.322565,7.78508,6.325116,6.303097,6.045722,6.376903,5.750675,2.514729,-1E-30,-1E-30,-1E-30,-1E-30,2.62,2.62,2.723829,3.620683,3.72761,2.62,-1E-30,0.7420477,-1E-30,-1E-30,-1E-30,-1E-30,-1E-30,-1E-30,-1E-30,-1E-30,-1E-30,-1E-30,-1E-30,-1E-30,-1E-30,-1E-30,-1E-30,-1E-30,-1E-30,-1E-30,-1E-30,-1E-30,-1E-30,-1E-30,-1E-30,-1E-30
4,-1E-30,10.03361,12.14072,11.34841,12.84631,15.57311,19.91846,20.21853,21.7546,21.61196,21.34904,20.23884,19.33348,19.96968,21.43574,21.04915,19.62,17.2384,17.81816,16.24113,13.64295,12.65493,13.387,13.11163,12.21307,10.26289,9.726449,9.62,8.328759,6.958124,6.137546,5.79655,5.990049,6.316504,5.869397,2.62,2.62,-1E-30,-1E-30,2.43512,2.62,3.537892,4.080738,3.946442,2.726087,1.40272,1.560277,-1E-30,-1E-30,-1E-30,-1E-30,-1E-30,-1E-30,-1E-30,-1E-30,-1E-30,-1E-30,-1E-30,-1E-30,-1E-30,-1E-30,-1E-30,-1E-30,-1E-30,-1E-30,-1E-30,-1E-30,-1E-30,-1E-30,-1E-30,-1E-30
5,-1E-30,-1E-30,-1E-30,2.651059,3.43291,10.50364,15.67133,17.98154,19.77411,21.44383,21.18634,20.38707,19.87493,19.43682,21.07695,21.39935,19.62,18.07035,18.05105,17.36695,15.45472,13.93361,14.00877,12.53555,12.02337,11.23923,10.12726,9.770025,9.118916,7.471509,6.641172,6.155769,6.454085,7.097697,6.226967,5.858303,2.529775,-1E-30,-1E-30,-1E-30,2.09738,3.099248,3.860812,3.926271,2.80655,0.2918077,0.3508727,0.39902,-1E-30,-1E-30,-1E-30,-1E-30,-1E-30,-1E-30,-1E-30,-1E-30,-1E-30,-1E-30,-1E-30,-1E-30,-1E-30,-1E-30,-1E-30,-1E-30,-1E-30,-1E-30,-1E-30,-1E-30,-1E-30,-1E-30,-1E-30
6,-1E-30,-1E-30,-1E-30,-1E-30,-1E-30,-1E-30,11.0808,15.47069,19.22243,21.80265,21.43581,19.71324,19.08312,19.57563,20.87639,21.35924,19.62,17.50747,18.00957,17.08615,15.76295,15.30788,14.20255,12.81273,12.02397,11.11128,10.43025,9.942788,9.749696,8.297367,7.188114,6.780601,6.228512,7.374314,5.971063,5.641379,5.62,2.498785,2.206067,1.756985,2.282383,2.125094,4.523125,4.251521,2.883933,0.3424076,0.6915488,0.3513865,-1E-30,-1E-30,-1E-30,-1E-30,-1E-30,-1E-30,-1E-30,-1E-30,-1E-30,-1E-30,-1E-30,-1E-30,-1E-30,-1E-30,-1E-30,-1E-30,-1E-30,-1E-30,-1E-30,-1E-30,-1E-30,-1E-30,-1E-30
7,-1E-30,-1E-30,-1E-30,-1E-30,-1E-30,-1E-30,7.037506,12.93218,17.73488,19.12494,20.12886,19.83279,17.59255,19.07449,20.97161,20.32798,19.62,17.11484,17.53631,16.04509,15.70707,15.34804,13.95745,12.78986,12.26862,11.59678,10.35498,9.855218,10.21531,9.62,9.115712,7.264495,7.021018,6.719672,5.767534,5.394434,5.62,5.62,2.539825,2.62,2.62,2.86542,4.775947,4.732422,3.433517,1.409167,1.699362,1.751711,-1E-30,-1E-30,-1E-30,-1E-30,-1E-30,-1E-30,-1E-30,-1E-30,-1E-30,-1E-30,-1E-30,-1E-30,-1E-30,-1E-30,-1E-30,-1E-30,-1E-30,-1E-30,-1E-30,-1E-30,-1E-30,-1E-30,-1E-30
8,-1E-30,-1E-30,-1E-30,-1E-30,-1E-30,-1E-30,2.810665,11.27017,14.09936,15.65386,19.93082,19.62,18.56633,17.58571,19.73054,20.03375,19.62,17.13201,17.23674,17.10991,14.79719,15.21332,13.83708,13.1258,12.44473,11.39938,9.825467,10.05268,10.71853,10.29233,8.97508,8.088123,6.84183,6.037467,6.170026,5.62,4.970634,5.62,3.631392,3.121419,3.542575,3.909379,5.62,5.501945,4.734749,1.507297,1.279562,1.36995,-1E-30,-1E-30,-1E-30,-1E-30,-1E-30,-1E-30,-1E-30,-1E-30,-1E-30,-1E-30,-1E-30,-1E-30,-1E-30,-1E-30,-1E-30,-1E-30,-1E-30,-1E-30,-1E-30,-1E-30,-1E-30,-1E-30,-1E-30
9,-1E-30,-1E-30,-1E-30,-1E-30,-1E-30,-1E-30,-1E-30,5.624133,10.30438,15.44054,20.11546,19.62,18.53403,17.66624,20.05112,19.68758,19.62,18.07725,17.39959,16.64739,16.56768,14.95661,14.55948,13.67136,12.2893,11.83745,10.05598,10.40457,10.76685,10.68822,9.62,8.633273,7.150051,5.986772,6.422059,5.270515,3.93666,5.62,5.261583,4.711406,5.473644,4.974505,6.029373,5.62,5.771308,2.62,1.452166,1.447554,-1E-30,-1E-30,-1E-30,-1E-30,-1E-30,-1E-30,-1E-30,-1E-30,-1E-30,-1E-30,-1E-30,-1E-30,-1E-30,-1E-30,-1E-30,-1E-30,-1E-30,-1E-30,-1E-30,-1E-30,-1E-30,-1E-30,-1E-30
10,-1E-30,-1E-30,-1E-30,-1E-30,-1E-30,-1E-30,-1E-30,-1E-30,4.850807,12.64336,18.97106,19.13742,19.64244,18.09921,18.78449,20.38937,19.62387,17.58959,16.36533,16.23732,16.42795,15.33082,14.71416,13.60513,12.06785,11.79381,11.11868,11.06803,11.23417,11.16803,10.19159,9.766164,7.629599,6.686536,6.036838,4.755412,2.62,2.62,5.398249,2.990511,4.765393,5.212954,5.62,5.62,6.159596,3.771984,1.375519,1.521697,-1E-30,-1E-30,-1E-30,-1E-30,-1E-30,-1E-30,-1E-30,-1E-30,-1E-30,-1E-30,-1E-30,-1E-30,-1E-30,-1E-30,-1E-30,-1E-30,-1E-30,-1E-30,-1E-30,-1E-30,-1E-30,-1E-30,-1E-30
11,-1E-30,-1E-30,-1E-30,-1E-30,-1E-30,-1E-30,-1E-30,-1E-30,1.757485,10.22287,14.60938,17.59173,19.62,17.47658,18.46517,20.81159,19.62,18.3041,16.55829,15.19411,14.35527,14.62789,14.79076,13.59821,11.91846,11.86144,11.47229,11.03849,10.94785,11.33625,10.00513,9.639478,9.201475,7.10692,6.104866,5.215549,2.62,2.62,3.040473,2.760776,4.685367,5.545126,5.549712,5.9874,5.62,3.085851,1.570482,1.769546,-1E-30,-1E-30,-1E-30,-1E-30,-1E-30,-1E-30,-1E-30,-1E-30,-1E-30,-1E-30,-1E-30,-1E-30,-1E-30,-1E-30,-1E-30,-1E-30,-1E-30,-1E-30,-1E-30,-1E-30,-1E-30,-1E-30,-1E-30
12,-1E-30,-1E-30,-1E-30,-1E-30,-1E-30,-1E-30,-1E-30,-1E-30,-1E-30,1.910254,10.33192,14.48799,19.16742,18.97057,19.38861,20.0956,19.13381,17.67972,15.98377,14.81127,13.73948,15.34306,14.1222,13.48874,12.53797,11.95043,11.85241,10.93719,11.7591,10.05335,11.18733,10.55931,10.22774,8.11931,7.185194,5.220377,4.17976,2.62,2.578868,1.636779,3.580742,4.353958,5.62,5.969601,5.62,5.182195,2.085581,1.527702,1.607321,-1E-30,-1E-30,-1E-30,-1E-30,-1E-30,-1E-30,-1E-30,-1E-30,-1E-30,-1E-30,-1E-30,-1E-30,-1E-30,-1E-30,-1E-30,-1E-30,-1E-30,-1E-30,-1E-30,-1E-30,-1E-30,-1E-30
13,-1E-30,-1E-30,-1E-30,-1E-30,-1E-30,-1E-30,-1E-30,-1E-30,-1E-30,4.106247,10.62023,15.34689,17.62295,18.3554,17.74634,19.01743,18.00411,17.15851,16.60228,15.24258,14.66964,15.14753,14.6923,13.34179,12.59313,11.6678,11.39128,11.24235,11.52703,10.7741,9.9298,11.10312,10.64537,9.62,8.785847,6.886699,5.633395,2.62,2.62,2.310846,2.66523,4.798366,5.62,5.575039,5.922741,5.725297,3.46683,-1E-30,-1E-30,-1E-30,-1E-30,-1E-30,-1E-30,-1E-30,-1E-30,-1E-30,-1E-30,-1E-30,-1E-30,-1E-30,-1E-30,-1E-30,-1E-30,-1E-30,-1E-30,-1E-30,-1E-30,-1E-30,-1E-30,-1E-30,-1E-30
14,-1E-30,-1E-30,-1E-30,-1E-30,-1E-30,-1E-30,-1E-30,-1E-30,-1E-30,3.774751,11.11273,13.95131,16.51955,17.20723,17.78466,18.22662,17.3255,16.99394,16.62638,15.53912,14.99203,14.42971,14.30816,13.53439,12.49485,10.89753,10.61542,11.2984,10.8433,10.55427,9.776645,10.55124,10.59445,10.06663,9.6214,8.487185,6.836675,6.4834,4.561409,4.767498,5.852285,5.62,5.62,5.62,5.718252,5.344596,3.758497,1.847765,0.7498194,-1E-30,-1E-30,-1E-30,-1E-30,-1E-30,-1E-30,-1E-30,-1E-30,-1E-30,-1E-30,-1E-30,-1E-30,-1E-30,-1E-30,-1E-30,-1E-30,-1E-30,-1E-30,-1E-30,-1E-30,-1E-30,-1E-30
15,-1E-30,-1E-30,-1E-30,-1E-30,-1E-30,-1E-30,-1E-30,-1E-30,-1E-30,4.97266,11.05269,14.06626,15.67436,16.68564,17.19282,17.29841,17.12753,16.84225,16.33983,15.79318,15.37902,15.04762,14.45292,13.40844,12.31941,9.811931,11.39671,10.99118,11.55009,10.52347,9.757937,9.969452,10.49123,10.44101,9.670969,9.62,8.603352,7.238695,5.62,5.62,5.728727,6.349748,5.738929,5.62,5.62,5.11355,4.101009,2.671359,0.3773375,0.9714094,-1E-30,-1E-30,-1E-30,-1E-30,-1E-30,-1E-30,-1E-30,-1E-30,-1E-30,-1E-30,-1E-30,-1E-30,-1E-30,-1E-30,-1E-30,-1E-30,-1E-30,-1E-30,-1E-30,-1E-30,-1E-30
16,-1E-30,-1E-30,-1E-30,-1E-30,-1E-30,-1E-30,-1E-30,-1E-30,-1E-30,4.087062,10.5941,13.66226,15.30438,16.47058,16.54415,16.09154,16.08596,15.53601,15.91201,15.49042,14.65764,14.46184,14.73652,13.52187,12.07766,10.08068,11.23306,11.2348,11.51819,10.5901,9.626057,9.923892,10.10149,10.02425,9.729478,9.643898,8.281043,6.155052,5.62,5.62,5.726814,5.923588,6.053027,6.252857,6.022472,5.846071,4.859574,3.905953,2.415183,2.62,-1E-30,-1E-30,-1E-30,-1E-30,-1E-30,-1E-30,-1E-30,-1E-30,-1E-30,-1E-30,-1E-30,-1E-30,-1E-30,-1E-30,-1E-30,-1E-30,-1E-30,-1E-30,-1E-30,-1E-30,-1E-30
17,-1E-30,-1E-30,-1E-30,-1E-30,-1E-30,-1E-30,-1E-30,-1E-30,1.62,5.62,10.14146,13.85133,15.37385,15.55043,15.3665,14.99641,14.27602,14.78489,15.00101,15.01885,14.5781,14.18321,14.65607,13.75484,12.4362,11.54676,11.22895,11.29835,11.40602,10.76613,9.987812,10.10722,10.27382,9.997314,9.718879,9.648619,9.111825,7.368298,5.62,1.789601,5.62,5.654893,6.006911,6.613703,6.812182,6.584722,6.029069,5.062789,2.217998,1.982103,-1E-30,-1E-30,-1E-30,-1E-30,-1E-30,-1E-30,-1E-30,-1E-30,-1E-30,-1E-30,-1E-30,-1E-30,-1E-30,-1E-30,-1E-30,-1E-30,-1E-30,-1E-30,-1E-30,-1E-30,-1E-30
18,-1E-30,-1E-30,-1E-30,-1E-30,-1E-30,-1E-30,-1E-30,-1E-30,1.339628,6.34368,10.43107,13.38303,15.34664,15.36771,15.02789,14.49498,13.69039,13.82298,14.1677,14.53011,13.8906,14.06487,14.54442,14.31843,13.02042,12.3903,11.32911,11.05513,10.9594,10.89888,10.63506,10.73622,9.789237,9.936235,9.806608,9.693769,10.37493,8.912062,5.218323,4.58358,5.62,5.62,6.169469,6.314592,6.96445,7.092823,6.507359,5.611598,3.097062,2.62,-1E-30,-1E-30,-1E-30,-1E-30,-1E-30,-1E-30,-1E-30,-1E-30,-1E-30,-1E-30,-1E-30,-1E-30,-1E-30,-1E-30,-1E-30,-1E-30,-1E-30,-1E-30,-1E-30,-1E-30,-1E-30
19,-1E-30,-1E-30,-1E-30,-1E-30,-1E-30,-1E-30,-1E-30,-1E-30,2.572663,5.62,10.252,13.00064,14.18868,14.64427,14.62349,14.39355,13.95894,13.55668,14.08486,14.41311,14.1438,14.59658,14.4483,14.32857,13.56363,12.63287,11.53177,11.06562,10.65385,10.73796,10.75627,10.50788,9.851998,10.05369,10.09668,10.07626,11.08727,9.62,7.63854,5.973077,5.62,6.099208,6.578453,6.738408,6.543079,6.647699,6.651213,5.573912,4.224399,2.972987,3.12636,3.37484,3.430213,-1E-30,-1E-30,-1E-30,-1E-30,-1E-30,-1E-30,-1E-30,-1E-30,-1E-30,-1E-30,-1E-30,-1E-30,-1E-30,-1E-30,-1E-30,-1E-30,-1E-30,-1E-30
20,-1E-30,-1E-30,-1E-30,-1E-30,-1E-30,-1E-30,-1E-30,-1E-30,3.282373,6.449933,10.27413,12.56229,14.24557,14.21128,13.92307,14.2682,13.96792,13.63043,13.91926,13.3187,13.70494,13.5394,14.03135,13.85582,13.52349,11.85924,12.04045,11.87927,11.78875,10.86636,10.43544,10.10217,9.62,9.939885,11.0282,11.08145,10.78585,9.366691,7.507719,6.053387,5.667157,6.650067,7.150886,6.872676,7.111268,7.419178,6.789834,5.697857,4.791191,3.542807,2.686465,5.62,5.940655,5.68199,6.814642,5.028371,2.826702,2.842037,-1E-30,4.956534,4.931518,-1E-30,-1E-30,2.197066,1.860259,-1E-30,-1E-30,-1E-30,-1E-30,-1E-30,-1E-30
21,-1E-30,-1E-30,-1E-30,-1E-30,-1E-30,-1E-30,-1E-30,0.9113095,5.21865,6.751429,10.89457,12.46235,13.17377,13.50674,13.22239,13.68294,14.11076,13.41705,13.46646,12.84672,12.98455,13.21148,13.37851,13.25942,12.7772,11.62934,11.23782,10.2996,11.4413,9.9003,9.589773,9.67609,9.407444,9.478202,10.83851,10.83007,10.56933,9.198138,7.529214,7.502792,7.732114,7.698473,7.194359,6.783007,7.241423,7.681469,6.901578,5.70674,5.669282,5.669462,5.554741,5.900977,7.46544,8.363857,9.862123,10.89125,10.05813,9.825202,7.270887,5.697809,-1E-30,-1E-30,3.060433,2.300856,2.332938,-1E-30,-1E-30,-1E-30,-1E-30,-1E-30,-1E-30
22,-1E-30,-1E-30,-1E-30,-1E-30,-1E-30,-1E-30,1.62,5.403402,6.458035,7.051151,10.57972,11.9827,12.7552,13.29468,13.57363,13.40707,13.33504,13.42937,13.00198,12.8552,12.70893,12.68063,12.78142,12.90241,12.51189,11.05487,9.62,9.62,9.999717,9.372792,8.198031,9.62,9.793107,9.454165,9.62,9.62,9.62,8.424894,8.183187,10.48869,9.338282,8.304956,8.046365,7.500963,7.289569,7.463875,6.514309,5.883412,5.62,5.62,5.62,6.228674,8.463527,9.62,9.962265,10.84476,11.39399,11.22442,10.89544,10.62874,10.50745,8.701345,6.197941,4.794755,3.495477,2.62,2.62,-1E-30,-1E-30,-1E-30,-1E-30
23,-1E-30,-1E-30,-1E-30,-1E-30,-1E-30,2.27198,7.598715,8.741472,7.850654,8.910224,10.44808,11.64175,12.97703,13.06724,13.25077,12.75707,13.38369,12.88554,12.40477,12.40834,12.31534,12.15504,12.06955,12.17458,11.79487,10.91793,9.62,9.62,9.271152,8.701922,7.990386,9.62,8.806987,9.308832,9.433058,8.895427,9.124409,7.743148,7.290778,7.905622,8.495404,8.289599,6.999821,7.166105,6.653728,6.363959,5.862012,5.946521,5.732841,5.765857,5.941195,6.564672,7.285728,7.44319,9.62,10.44656,11.28011,12.49741,12.07107,12.54765,12.05698,11.11735,10.31857,8.829412,5.775519,5.224329,3.472231,-1E-30,-1E-30,-1E-30,-1E-30
24,-1E-30,-1E-30,-1E-30,-1E-30,2.838949,8.591812,9.841182,9.926978,9.62,9.427867,10.03619,11.28163,12.06815,13.14738,12.47388,12.5247,11.61266,11.6844,12.39953,11.93598,11.82482,11.73605,11.52521,11.21077,11.7113,9.805868,9.62,8.345022,7.131912,6.983612,6.723108,7.827609,7.315827,7.204955,7.314392,7.634477,7.759802,6.719796,6.639782,6.679687,6.684587,7.0832,6.359839,6.796125,5.472916,4.722649,4.018269,1.816183,5.427295,6.031573,6.351341,7.116715,7.901302,9.158484,10.21617,10.45578,11.46963,11.80227,11.64355,11.87866,11.76867,11.69596,10.94516,10.18966,8.611777,6.926728,6.23633,2.115681,-1E-30,-1E-30,-1E-30
25,-1E-30,-1E-30,-1E-30,1.62,6.024166,9.873632,10.40212,10.54082,9.62,9.62,9.754014,10.73226,11.63221,12.4824,12.78344,12.44818,11.15797,12.10676,11.96054,11.91984,11.56757,11.05021,10.92715,10.01283,10.01531,9.922507,8.86969,6.856853,6.183773,5.62,5.62,5.853495,5.579774,5.62,5.533597,5.969004,5.900238,6.942736,6.513967,6.503415,5.877914,6.092755,6.143125,5.62,3.210909,1.741704,2.487171,3.710104,5.569746,6.059893,6.988109,7.74313,8.340154,8.055321,3.155362,5.399483,4.969315,9.955685,10.42599,11.6975,12.24426,11.90946,11.83245,11.23851,9.559455,8.186837,6.018709,1.885613,-1E-30,-1E-30,-1E-30
26,-1E-30,-1E-30,-1E-30,3.212215,8.069361,10.07578,10.33551,10.82052,9.751622,8.985725,9.62,10.28596,11.00361,11.75106,11.62745,11.8775,12.03448,12.50818,12.19578,11.83912,11.54575,11.30529,10.09012,10.25709,9.954743,10.00949,9.119239,6.057136,5.62,5.62,4.009403,3.62,3.821411,4.373432,4.205349,4.26439,3.62,3.193368,5.835177,6.580559,5.940894,5.62,4.823966,4.159932,-1E-30,0.8860843,0.7772199,-1E-30,-1E-30,4.924717,5.641262,6.821966,6.626049,6.192784,6.104352,9.62,9.62,9.53667,9.720469,11.5635,12.08873,12.6546,12.47069,11.72296,10.32972,8.992625,4.573174,2.610288,-1E-30,-1E-30,-1E-30
27,-1E-30,-1E-30,1.62,5.125834,8.841965,9.879624,10.39406,10.64143,9.62,8.897914,9.62,9.911232,10.33706,11.21377,12.06283,11.65832,12.50467,12.43881,12.12923,11.75937,11.14455,10.73375,9.811617,10.1555,10.19332,9.688907,8.182183,5.834558,5.179712,3.62,2.498439,1.834988,2.001179,2.173341,2.750496,3.5783,3.145256,2.158141,3.068104,6.227375,6.581175,6.073228,2.975377,2.487365,-1E-30,1.18731,-1E-30,1.153711,1.123889,0.9997921,5.534058,7.88332,3.003448,6.42281,5.62,9.258996,9.62,9.62,11.40633,12.52085,12.24871,12.66031,12.47837,11.85187,10.59859,8.357476,3.608253,2.602802,-1E-30,-1E-30,-1E-30
28,-1E-30,-1E-30,3.289143,5.446075,8.258389,9.698439,9.976194,10.14699,9.718527,9.547078,9.891549,9.665051,10.05823,11.08643,11.76914,12.25879,12.47422,12.30768,12.02487,11.65662,10.69217,9.893803,9.62,9.62,9.62,9.472137,8.245873,5.791708,3.583549,2.548993,1.441517,-1E-30,-1E-30,-1E-30,0.8870113,1.090106,1.074732,-1E-30,0.4375497,5.442504,6.284453,6.088892,3.62,-1E-30,1.103039,1.539931,-1E-30,-1E-30,1.438111,1.62,1.528603,6.687313,8.713958,10.22402,10.4918,9.62,9.62,9.62,10.15598,11.60386,13.00122,11.85569,12.41346,11.76783,10.1283,4.638833,2.618748,1.420688,-1E-30,-1E-30,-1E-30
29,-1E-30,1.62,3.913711,5.644221,6.821072,8.414226,9.62,9.62,9.196688,10.32293,10.39246,10.45535,10.90487,10.87802,11.39954,11.93105,12.24827,12.2075,11.93254,11.5754,10.29773,9.62,9.281906,9.897666,9.62,8.883419,8.112679,5.858706,3.10869,1.662524,0.9032074,-1E-30,-1E-30,-1E-30,-1E-30,1.186759,-1E-30,-1E-30,-1E-30,2.448292,6.084101,6.410662,3.460051,-1E-30,0.5268704,0.5313579,-1E-30,-1E-30,1.262983,1.414492,2.15821,3.571809,9.892561,9.62,9.339018,9.38187,9.62,11.00918,12.26078,13.47182,13.29082,12.82598,12.15275,11.91832,8.373079,2.62,2.580311,-1E-30,-1E-30,-1E-30,-1E-30
30,-1E-30,1.62,4.333237,6.579593,6.220707,8.41228,9.62,9.62,9.62,10.30628,10.89191,10.77064,11.21525,11.36521,11.62139,11.72521,12.04547,11.91707,11.61016,10.81657,10.19744,9.702244,9.62,10.01949,9.777024,8.943175,7.830356,5.697926,3.932495,2.009617,-1E-30,-1E-30,-1E-30,-1E-30,-1E-30,-1E-30,-1E-30,-1E-30,-1E-30,0.9811574,2.037118,6.186023,6.384456,4.145829,0.5447909,-1E-30,-1E-30,-1E-30,-1E-30,1.130972,2.057218,2.866599,4.417959,9.62,9.62,9.949191,10.79209,11.78686,13.7217,13.79657,13.9899,13.47703,12.27837,12.09255,8.591613,2.62,2.488859,-1E-30,-1E-30,-1E-30,-1E-30
31,-1E-30,2.211906,5.664319,6.647634,8.997791,9.62,9.62,8.107734,9.346004,10.12226,10.60837,11.03132,11.28886,11.49543,11.67903,11.77157,11.78685,11.65982,11.39313,10.26048,9.62,9.62,9.62,9.578418,9.681816,9.457788,8.014715,6.157975,4.748608,2.55583,0.7584741,-1E-30,-1E-30,-1E-30,-1E-30,-1E-30,-1E-30,-1E-30,-1E-30,-1E-30,-1E-30,5.434726,7.22385,9.62,0.9657227,-1E-30,-1E-30,-1E-30,-1E-30,0.975612,1.499836,2.735085,3.670542,7.129851,9.62,10.40844,9.820021,13.42397,13.97615,14.02343,13.24636,12.38487,10.96307,11.22493,9.62,3.875748,2.581323,-1E-30,-1E-30,-1E-30,-1E-30
32,-1E-30,2.228835,6.187973,7.346607,8.728408,9.62,7.673673,6.683116,8.699446,10.10195,10.56393,10.97256,11.27194,11.28809,11.43978,11.50686,11.56174,11.1904,10.62439,9.769305,9.191236,7.739578,8.125951,8.680253,9.361436,8.834352,7.456295,5.977884,4.790345,2.747606,-1E-30,-1E-30,-1E-30,-1E-30,-1E-30,-1E-30,-1E-30,-1E-30,-1E-30,-1E-30,-1E-30,-1E-30,6.389467,9.62,1.071973,0.4103758,-1E-30,-1E-30,-1E-30,-1E-30,0.952963,2.186285,3.62,5.502481,9.62,10.21873,10.96462,13.93428,13.79388,12.55562,10.8717,10.83949,10.84701,11.30618,3.279147,-1E-30,-1E-30,-1E-30,-1E-30,-1E-30,-1E-30
33,-1E-30,2.584019,6.15255,6.623242,6.836156,6.84293,5.62,6.440963,9.152235,10.14075,10.54101,10.26444,10.74257,11.22657,11.24618,11.09099,10.82473,10.38277,9.611424,8.586165,7.761164,7.278615,7.305106,7.883869,7.990942,7.498056,6.960527,5.756104,3.841215,-1E-30,-1E-30,-1E-30,-1E-30,-1E-30,-1E-30,-1E-30,-1E-30,-1E-30,-1E-30,-1E-30,-1E-30,-1E-30,3.250474,9.62,5.741905,1.294775,0.7470746,-1E-30,-1E-30,-1E-30,1.064101,2.02383,3.62,4.983134,7.414042,9.164149,13.25788,14.26985,13.97388,13.75192,12.0348,11.74082,10.00761,11.27698,2.373873,-1E-30,-1E-30,-1E-30,-1E-30,-1E-30,-1E-30
34,-1E-30,-1E-30,4.411903,5.93885,5.62,4.610893,4.377601,6.295108,8.734696,10.03827,10.66167,10.17828,10.21572,10.74173,10.69533,10.47783,10.2845,9.864873,8.992537,7.947242,7.520189,7.34678,7.208047,7.137887,6.942389,6.595603,6.181221,4.995965,3.643873,-1E-30,-1E-30,-1E-30,-1E-30,-1E-30,-1E-30,-1E-30,-1E-30,-1E-30,-1E-30,-1E-30,-1E-30,1.62,4.126997,10.1279,9.869057,2.671094,1.583523,1.28406,1.174831,0.8696152,1.289783,2.670208,3.62,5.283235,6.653261,7.45511,11.34329,13.63181,15.45068,14.02773,14.84293,13.69238,11.8451,8.517925,3.299048,1.90257,-1E-30,-1E-30,-1E-30,-1E-30,-1E-30
35,-1E-30,-1E-30,-1E-30,2.448248,2.747617,3.62,4.053797,5.503158,7.285395,9.72518,10.3181,9.847806,9.62,9.748179,9.992194,9.824539,9.611962,8.877319,8.160489,7.4918,7.369896,7.379817,7.040057,6.927479,6.756491,6.445456,5.701076,4.580269,3.400179,3.476139,-1E-30,-1E-30,-1E-30,-1E-30,-1E-30,-1E-30,-1E-30,-1E-30,-1E-30,-1E-30,-1E-30,1.607487,3.662624,10.69666,9.780169,2.999793,2.369898,1.62,1.62,1.562664,2.10955,3.60542,3.984349,5.76193,6.684263,8.543742,10.50597,13.49515,14.50284,14.76314,15.67376,15.57832,11.97284,4.339435,1.921878,2.114336,-1E-30,-1E-30,-1E-30,-1E-30,-1E-30
36,-1E-30,-1E-30,-1E-30,1.62,1.64651,2.918276,3.745207,4.60923,5.721226,7.688659,9.838653,9.62,9.717512,9.62,9.62,9.323521,8.640233,7.888586,7.141013,7.241593,7.196227,7.091193,7.141285,6.760571,6.360718,6.241808,5.534346,3.398506,2.48581,3.385512,-1E-30,-1E-30,-1E-30,-1E-30,-1E-30,-1E-30,-1E-30,-1E-30,-1E-30,-1E-30,-1E-30,2.062061,4.096292,10.11467,10.31092,7.588973,3.067246,2.51967,2.631407,2.599031,2.695683,3.520773,4.501287,5.876661,7.031514,7.581169,9.738661,10.65329,14.76805,12.44726,12.25413,16.31863,10.09583,-1E-30,-1E-30,-1E-30,-1E-30,-1E-30,-1E-30,-1E-30,-1E-30
37,-1E-30,-1E-30,-1E-30,-1E-30,1.62,1.62,2.402031,3.547274,4.663845,6.598291,8.100132,9.62,9.702025,9.62,9.557621,8.911319,7.877361,7.284586,7.130744,6.830953,6.798859,6.624772,6.635188,6.349899,6.465473,5.90579,4.384764,2.481878,1.531779,1.179932,-1E-30,-1E-30,-1E-30,-1E-30,-1E-30,-1E-30,-1E-30,-1E-30,-1E-30,-1E-30,-1E-30,1.531053,3.62,9.720583,10.3128,8.565817,3.62,3.62,3.62,3.62,3.680933,3.956625,4.996758,5.970661,7.156584,8.833735,9.62,12.61259,16.08833,10.8009,15.29922,19.9864,2.460435,-1E-30,-1E-30,-1E-30,-1E-30,-1E-30,-1E-30,-1E-30,-1E-30
38,-1E-30,-1E-30,-1E-30,-1E-30,-1E-30,-1E-30,1.62,2.358388,3.911223,4.822937,6.475739,8.178561,8.837351,9.510138,9.547983,8.68834,7.761997,6.607898,6.254903,6.036486,5.989986,5.982806,5.916462,6.120947,5.791048,5.677287,2.590536,-1E-30,-1E-30,1.62,1.62,1.62,1.62,-1E-30,-1E-30,-1E-30,-1E-30,-1E-30,-1E-30,-1E-30,-1E-30,-1E-30,4.044857,9.162771,6.048988,9.844216,8.152001,3.173965,3.574581,3.806369,4.237769,5.036844,5.384794,6.871336,8.031265,9.62,9.17892,16.22973,15.07336,14.07614,13.30305,19.62,8.23078,7.336949,-1E-30,-1E-30,-1E-30,-1E-30,-1E-30,-1E-30,-1E-30
39,-1E-30,-1E-30,-1E-30,-1E-30,-1E-30,-1E-30,-1E-30,1.62,2.840273,4.018991,5.853541,6.408819,6.966904,7.799536,7.841897,7.494246,6.724689,5.62,5.324954,5.067139,4.823592,4.646626,4.611869,4.762255,4.086889,3.916394,1.62,-1E-30,-1E-30,-1E-30,-1E-30,1.62,1.62,1.62,-1E-30,-1E-30,-1E-30,-1E-30,-1E-30,-1E-30,-1E-30,-1E-30,-1E-30,11.0489,5.233169,5.463136,9.62,4.969728,3.968391,4.341282,4.844954,5.561613,5.979593,7.030465,8.65079,10.06538,9.925779,18.21421,11.72298,11.74446,9.922775,16.79753,18.22026,12.0119,8.871394,3.494488,2.62,-1E-30,-1E-30,-1E-30,-1E-30
40,-1E-30,-1E-30,-1E-30,-1E-30,-1E-30,-1E-30,-1E-30,-1E-30,-1E-30,1.62,3.91773,5.099557,5.048644,5.295818,5.657658,6.089484,5.545936,4.671233,3.54718,3.355161,2.897482,2.762366,2.966545,3.035929,3.292392,2.441739,0.7692997,-1E-30,-1E-30,-1E-30,-1E-30,-1E-30,-1E-30,-1E-30,-1E-30,-1E-30,-1E-30,-1E-30,-1E-30,-1E-30,-1E-30,-1E-30,-1E-30,9.784738,3.636142,3.62,7.880857,5.850957,5.454205,5.443595,5.601734,6.225674,6.753955,8.62559,9.837956,10.18575,9.998192,19.62,12.9415,10.9773,13.25028,16.01125,19.68285,14.21511,10.62369,5.853659,3.606064,1.937096,-1E-30,-1E-30,-1E-30
41,-1E-30,-1E-30,-1E-30,-1E-30,-1E-30,-1E-30,-1E-30,-1E-30,-1E-30,-1E-30,-1E-30,1.944471,1.513159,1.656828,1.62,4.042043,3.62,2.739903,1.796143,1.065398,0.9182997,0.7268006,0.7460626,0.6297607,0.7569697,-1E-30,-1E-30,-1E-30,-1E-30,-1E-30,-1E-30,-1E-30,-1E-30,-1E-30,-1E-30,-1E-30,-1E-30,-1E-30,-1E-30,-1E-30,4.323356,-1E-30,4.15844,9.62,5.62,4.139288,4.344238,13.11273,10.1675,7.139257,7.313381,7.974288,8.295429,10.67018,10.77552,10.58926,11.03397,13.21989,14.16498,12.64705,14.21653,15.8369,19.62,16.12339,13.88346,9.573426,5.338802,1.857123,-1E-30,-1E-30,-1E-30
42,-1E-30,-1E-30,-1E-30,-1E-30,-1E-30,-1E-30,-1E-30,-1E-30,-1E-30,-1E-30,-1E-30,-1E-30,-1E-30,-1E-30,-1E-30,-1E-30,-1E-30,-1E-30,-1E-30,-1E-30,-1E-30,1.62,-1E-30,1.306691,-1E-30,-1E-30,-1E-30,-1E-30,-1E-30,-1E-30,-1E-30,-1E-30,-1E-30,-1E-30,-1E-30,-1E-30,-1E-30,-1E-30,-1E-30,-1E-30,2.32,2.243963,4.579066,9.314379,6.944135,5.900205,5.457767,10.30657,14.59513,12.43577,10.01621,9.62,9.630077,10.68648,11.59306,11.50201,10.07146,13.16133,13.21522,15.27874,16.22552,15.12377,19.62,15.46018,14.34219,12.2351,8.626258,3.032638,1.017643,-1E-30,-1E-30
43,-1E-30,-1E-30,-1E-30,-1E-30,-1E-30,-1E-30,-1E-30,-1E-30,-1E-30,-1E-30,-1E-30,-1E-30,-1E-30,-1E-30,-1E-30,-1E-30,-1E-30,-1E-30,-1E-30,-1E-30,-1E-30,-1E-30,-1E-30,-1E-30,-1E-30,-1E-30,-1E-30,-1E-30,-1E-30,-1E-30,-1E-30,-1E-30,-1E-30,-1E-30,-1E-30,-1E-30,-1E-30,-1E-30,-1E-30,-1E-30,-1E-30,-1E-30,2.599481,7.098362,9.62,9.62,6.716091,7.177412,9.99129,11.55086,12.36218,9.834828,10.69831,10.83187,12.2651,12.40645,9.858817,10.71904,12.95251,13.19101,16.0531,16.76912,19.28724,15.89291,14.45065,12.67605,10.08473,6.348548,1.547319,-1E-30,-1E-30
44,-1E-30,-1E-30,-1E-30,-1E-30,-1E-30,-1E-30,-1E-30,-1E-30,-1E-30,-1E-30,-1E-30,-1E-30,-1E-30,-1E-30,-1E-30,-1E-30,-1E-30,-1E-30,-1E-30,-1E-30,-1E-30,-1E-30,-1E-30,-1E-30,-1E-30,-1E-30,-1E-30,-1E-30,-1E-30,-1E-30,-1E-30,-1E-30,-1E-30,-1E-30,-1E-30,-1E-30,-1E-30,-1E-30,-1E-30,-1E-30,-1E-30,-1E-30,2.773906,5.323137,7.718496,9.62,9.62,11.17099,9.728677,9.62,10.76441,9.937334,12.10575,12.65191,13.66682,13.09381,12.72612,15.16366,13.74438,15.28071,17.56326,19.02983,18.13147,14.54043,12.70375,11.57627,10.03947,7.202422,0.2240788,-1E-30,-1E-30
45,-1E-30,-1E-30,-1E-30,-1E-30,-1E-30,-1E-30,-1E-30,-1E-30,-1E-30,-1E-30,-1E-30,-1E-30,-1E-30,-1E-30,-1E-30,-1E-30,-1E-30,-1E-30,-1E-30,-1E-30,-1E-30,-1E-30,-1E-30,-1E-30,-1E-30,-1E-30,-1E-30,-1E-30,-1E-30,-1E-30,-1E-30,-1E-30,-1E-30,-1E-30,-1E-30,-1E-30,-1E-30,-1E-30,-1E-30,-1E-30,-1E-30,-1E-30,2.539741,-1E-30,3.488775,6.281991,10.30214,10.43263,11.24792,11.01009,12.02618,10.3148,12.4626,14.65613,14.8036,14.25598,14.45863,19.55583,18.50805,17.4223,17.42354,20.76999,17.61624,14.69402,10.91466,11.38002,9.231614,2.969495,0.5130998,-1E-30,-1E-30
46,-1E-30,-1E-30,-1E-30,-1E-30,-1E-30,-1E-30,-1E-30,-1E-30,-1E-30,-1E-30,-1E-30,-1E-30,-1E-30,-1E-30,-1E-30,-1E-30,-1E-30,-1E-30,-1E-30,-1E-30,-1E-30,-1E-30,-1E-30,-1E-30,-1E-30,-1E-30,-1E-30,-1E-30,-1E-30,-1E-30,-1E-30,-1E-30,-1E-30,-1E-30,-1E-30,-1E-30,-1E-30,-1E-30,-1E-30,-1E-30,-1E-30,-1E-30,1.62,4.745545,5.62,5.62,5.557516,9.62,10.40771,12.14135,12.4864,11.432,11.75763,13.84289,15.33097,13.63299,17.80467,17.72893,17.26381,19.00004,19.12442,20.70657,16.96277,13.84343,10.90119,9.786415,6.341535,1.25821,0.3512036,-1E-30,-1E-30
47,-1E-30,-1E-30,-1E-30,-1E-30,-1E-30,-1E-30,-1E-30,-1E-30,-1E-30,-1E-30,-1E-30,-1E-30,-1E-30,-1E-30,-1E-30,-1E-30,-1E-30,-1E-30,-1E-30,-1E-30,-1E-30,-1E-30,-1E-30,-1E-30,-1E-30,-1E-30,-1E-30,-1E-30,-1E-30,-1E-30,-1E-30,-1E-30,-1E-30,-1E-30,-1E-30,-1E-30,-1E-30,-1E-30,-1E-30,-1E-30,-1E-30,-1E-30,-1E-30,2.276945,4.411253,5.62,5.62,6.493066,7.752107,9.840505,11.54729,11.73872,11.79216,14.36062,16.98663,11.24026,20.19939,17.70889,16.45614,20.39777,20.36976,22.48915,16.86135,9.973731,5.261137,3.547976,2.010707,0.8780097,0.3382912,-1E-30,-1E-30
48,-1E-30,-1E-30,-1E-30,-1E-30,-1E-30,-1E-30,-1E-30,-1E-30,-1E-30,-1E-30,-1E-30,-1E-30,-1E-30,-1E-30,-1E-30,-1E-30,-1E-30,-1E-30,-1E-30,-1E-30,-1E-30,-1E-30,-1E-30,-1E-30,-1E-30,-1E-30,-1E-30,-1E-30,-1E-30,-1E-30,-1E-30,-1E-30,-1E-30,-1E-30,-1E-30,-1E-30,-1E-30,-1E-30,-1E-30,-1E-30,-1E-30,-1E-30,-1E-30,-1E-30,1.828559,3.737351,4.901586,5.62,6.119253,7.596999,10.00093,10.19439,12.09375,13.44185,15.99579,16.19861,20.4318,19.62,19.62,22.74468,22.64511,21.86877,11.12957,6.813251,2.120858,1.071084,2.441419,0.4135355,0.3422689,-1E-30,-1E-30
49,-1E-30,-1E-30,-1E-30,-1E-30,-1E-30,-1E-30,-1E-30,-1E-30,-1E-30,-1E-30,-1E-30,-1E-30,-1E-30,-1E-30,-1E-30,-1E-30,-1E-30,-1E-30,-1E-30,-1E-30,-1E-30,-1E-30,-1E-30,-1E-30,-1E-30,-1E-30,-1E-30,-1E-30,-1E-30,-1E-30,-1E-30,-1E-30,-1E-30,-1E-30,-1E-30,-1E-30,-1E-30,-1E-30,-1E-30,-1E-30,-1E-30,-1E-30,-1E-30,-1E-30,-1E-30,-1E-30,4.344575,5.346026,5.895559,6.82212,7.345345,9.34284,9.814291,11.60356,15.46759,16.57062,19.69011,20.44453,20.47252,22.1168,21.77978,9.257362,2.619212,3.713427,1.114137,0.4268167,3.501591,0.4117087,0.3570331,-1E-30,-1E-30
50,-1E-30,-1E-30,-1E-30,-1E-30,-1E-30,-1E-30,-1E-30,-1E-30,-1E-30,-1E-30,-1E-30,-1E-30,-1E-30,-1E-30,-1E-30,-1E-30,-1E-30,-1E-30,-1E-30,-1E-30,-1E-30,-1E-30,-1E-30,-1E-30,-1E-30,-1E-30,-1E-30,-1E-30,-1E-30,-1E-30,-1E-30,-1E-30,-1E-30,-1E-30,-1E-30,-1E-30,-1E-30,-1E-30,-1E-30,-1E-30,-1E-30,-1E-30,-1E-30,-1E-30,-1E-30,-1E-30,3.773308,5.62,5.855134,5.777544,6.030392,8.573078,9.679767,9.784697,14.63807,18.17313,19.99021,21.16195,19.62,24.1795,20.52301,8.199795,2.13157,3.494785,0.9171515,0.564361,3.570508,-1E-30,0.711973,-1E-30,-1E-30
51,-1E-30,-1E-30,-1E-30,-1E-30,-1E-30,-1E-30,-1E-30,-1E-30,-1E-30,-1E-30,-1E-30,-1E-30,-1E-30,-1E-30,-1E-30,-1E-30,-1E-30,-1E-30,-1E-30,-1E-30,-1E-30,-1E-30,-1E-30,-1E-30,-1E-30,-1E-30,-1E-30,-1E-30,-1E-30,-1E-30,-1E-30,-1E-30,-1E-30,-1E-30,-1E-30,-1E-30,-1E-30,-1E-30,-1E-30,-1E-30,-1E-30,-1E-30,-1E-30,-1E-30,-1E-30,-1E-30,1.62,5.62,5.739917,5.741445,6.326094,7.32415,9.62,11.0294,10.3602,18.61139,20.4693,21.0832,22.09688,21.67649,21.86279,8.711119,3.748789,3.165309,0.9352294,-1E-30,-1E-30,-1E-30,-1E-30,-1E-30,-1E-30
52,-1E-30,-1E-30,-1E-30,-1E-30,-1E-30,-1E-30,-1E-30,-1E-30,-1E-30,-1E-30,-1E-30,-1E-30,-1E-30,-1E-30,-1E-30,-1E-30,-1E-30,-1E-30,-1E-30,-1E-30,-1E-30,-1E-30,-1E-30,-1E-30,-1E-30,-1E-30,-1E-30,-1E-30,-1E-30,-1E-30,-1E-30,-1E-30,-1E-30,-1E-30,-1E-30,-1E-30,-1E-30,-1E-30,-1E-30,-1E-30,-1E-30,-1E-30,-1E-30,-1E-30,-1E-30,-1E-30,-1E-30,4.087719,5.62,5.99805,6.207894,7.376786,9.466335,9.908859,9.62,16.83725,19.90269,19.75282,19.62,20.96953,21.6685,6.090813,5.059711,3.560634,2.192846,-1E-30,-1E-30,-1E-30,-1E-30,-1E-30,-1E-30
53,-1E-30,-1E-30,-1E-30,-1E-30,-1E-30,-1E-30,-1E-30,-1E-30,-1E-30,-1E-30,-1E-30,-1E-30,-1E-30,-1E-30,-1E-30,-1E-30,-1E-30,-1E-30,-1E-30,-1E-30,-1E-30,-1E-30,-1E-30,-1E-30,-1E-30,-1E-30,-1E-30,-1E-30,-1E-30,-1E-30,-1E-30,-1E-30,-1E-30,-1E-30,-1E-30,-1E-30,-1E-30,-1E-30,-1E-30,-1E-30,-1E-30,-1E-30,-1E-30,-1E-30,-1E-30,-1E-30,-1E-30,-1E-30,5.62,6.217518,6.514375,6.98559,7.977301,9.62,9.62,17.07664,18.50051,16.39554,18.7553,19.62,30.43012,17.57585,3.655142,3.62,4.990247,2.810046,-1E-30,-1E-30,-1E-30,-1E-30,-1E-30
54,-1E-30,-1E-30,-1E-30,-1E-30,-1E-30,-1E-30,-1E-30,-1E-30,-1E-30,-1E-30,-1E-30,-1E-30,-1E-30,-1E-30,-1E-30,-1E-30,-1E-30,-1E-30,-1E-30,-1E-30,-1E-30,-1E-30,-1E-30,-1E-30,-1E-30,-1E-30,-1E-30,-1E-30,-1E-30,-1E-30,-1E-30,-1E-30,-1E-30,-1E-30,-1E-30,-1E-30,-1E-30,-1E-30,-1E-30,-1E-30,-1E-30,-1E-30,-1E-30,-1E-30,-1E-30,-1E-30,-1E-30,-1E-30,5.62,6.541289,7.111214,7.40128,7.498125,9.034822,9.62,15.38538,16.35343,13.83461,13.76277,11.18077,20.00632,39.62,5.302797,3.62,5.62,1.859624,2.132317,-1E-30,-1E-30,-1E-30,-1E-30
55,-1E-30,-1E-30,-1E-30,-1E-30,-1E-30,-1E-30,-1E-30,-1E-30,-1E-30,-1E-30,-1E-30,-1E-30,-1E-30,-1E-30,-1E-30,-1E-30,-1E-30,-1E-30,-1E-30,-1E-30,-1E-30,-1E-30,-1E-30,-1E-30,-1E-30,-1E-30,-1E-30,-1E-30,-1E-30,-1E-30,-1E-30,-1E-30,-1E-30,-1E-30,-1E-30,-1E-30,-1E-30,-1E-30,-1E-30,-1E-30,-1E-30,-1E-30,-1E-30,-1E-30,-1E-30,-1E-30,-1E-30,-1E-30,3.460347,6.339608,7.438655,9.017418,9.050349,7.620323,9.62,11.31454,17.50502,13.35531,13.68719,12.52946,16.12811,29.62481,26.79794,16.74799,12.01073,5.777122,1.780271,-1E-30,-1E-30,-1E-30,-1E-30
56,-1E-30,-1E-30,-1E-30,-1E-30,-1E-30,-1E-30,-1E-30,-1E-30,-1E-30,-1E-30,-1E-30,-1E-30,-1E-30,-1E-30,-1E-30,-1E-30,-1E-30,-1E-30,-1E-30,-1E-30,-1E-30,-1E-30,-1E-30,-1E-30,-1E-30,-1E-30,-1E-30,-1E-30,-1E-30,-1E-30,-1E-30,-1E-30,-1E-30,-1E-30,-1E-30,-1E-30,-1E-30,-1E-30,-1E-30,-1E-30,-1E-30,-1E-30,-1E-30,-1E-30,-1E-30,-1E-30,-1E-30,-1E-30,2.235722,5.93567,6.842721,9.62,9.23121,7.788794,9.62,14.56411,15.46439,14.81692,13.39714,13.66178,16.65424,31.5282,21.95083,19.62,19.62,12.12242,2.773571,-1E-30,-1E-30,-1E-30,-1E-30
57,-1E-30,-1E-30,-1E-30,-1E-30,-1E-30,-1E-30,-1E-30,-1E-30,-1E-30,-1E-30,-1E-30,-1E-30,-1E-30,-1E-30,-1E-30,-1E-30,-1E-30,-1E-30,-1E-30,-1E-30,-1E-30,-1E-30,-1E-30,-1E-30,-1E-30,-1E-30,-1E-30,-1E-30,-1E-30,-1E-30,-1E-30,-1E-30,-1E-30,-1E-30,-1E-30,-1E-30,-1E-30,-1E-30,-1E-30,-1E-30,-1E-30,-1E-30,-1E-30,-1E-30,-1E-30,-1E-30,-1E-30,-1E-30,-1E-30,4.780096,7.291948,9.353314,9.62,9.62,9.62,14.2471,14.64661,13.56079,12.42594,11.87678,13.63103,19.03634,32.88689,19.11805,20.01493,18.27931,6.160863,1.59667,-1E-30,-1E-30,-1E-30
58,-1E-30,-1E-30,-1E-30,-1E-30,-1E-30,-1E-30,-1E-30,-1E-30,-1E-30,-1E-30,-1E-30,-1E-30,-1E-30,-1E-30,-1E-30,-1E-30,-1E-30,-1E-30,-1E-30,-1E-30,-1E-30,-1E-30,-1E-30,-1E-30,-1E-30,-1E-30,-1E-30,-1E-30,-1E-30,-1E-30,-1E-30,-1E-30,-1E-30,-1E-30,-1E-30,-1E-30,-1E-30,-1E-30,-1E-30,-1E-30,-1E-30,-1E-30,-1E-30,-1E-30,-1E-30,-1E-30,-1E-30,-1E-30,-1E-30,1.821344,7.465954,9.62,9.459909,9.780224,9.045296,11.02288,14.52485,13.5239,12.36889,13.9451,15.17976,19.62,22.66432,22.90088,25.67929,18.44317,10.64072,4.646207,-1E-30,-1E-30,-1E-30
59,-1E-30,-1E-30,-1E-30,-1E-30,-1E-30,-1E-30,-1E-30,-1E-30,-1E-30,-1E-30,-1E-30,-1E-30,-1E-30,-1E-30,-1E-30,-1E-30,-1E-30,-1E-30,-1E-30,-1E-30,-1E-30,-1E-30,-1E-30,-1E-30,-1E-30,-1E-30,-1E-30,-1E-30,-1E-30,-1E-30,-1E-30,-1E-30,-1E-30,-1E-30,-1E-30,-1E-30,-1E-30,-1E-30,-1E-30,-1E-30,-1E-30,-1E-30,-1E-30,-1E-30,-1E-30,-1E-30,-1E-30,-1E-30,-1E-30,-1E-30,5.859986,8.663163,9.693109,8.796049,9.62,11.35042,13.19086,13.88169,13.24306,11.84674,6.539742,-1E-30,10.96557,29.40851,24.45342,20.23904,9.62,9.62,-1E-30,-1E-30,-1E-30
60,-1E-30,-1E-30,-1E-30,-1E-30,-1E-30,-1E-30,-1E-30,-1E-30,-1E-30,-1E-30,-1E-30,-1E-30,-1E-30,-1E-30,-1E-30,-1E-30,-1E-30,-1E-30,-1E-30,-1E-30,-1E-30,-1E-30,-1E-30,-1E-30,-1E-30,-1E-30,-1E-30,-1E-30,-1E-30,-1E-30,-1E-30,-1E-30,-1E-30,-1E-30,-1E-30,-1E-30,-1E-30,-1E-30,-1E-30,-1E-30,-1E-30,-1E-30,-1E-30,-1E-30,-1E-30,-1E-30,-1E-30,-1E-30,-1E-30,-1E-30,2.185964,8.626458,10.07549,9.410375,11.596,13.03946,12.77014,14.45973,15.05192,14.93931,5.62,-1E-30,-1E-30,22.08022,29.53815,19.62,10.74664,10.88634,-1E-30,-1E-30,-1E-30
61,-1E-30,-1E-30,-1E-30,-1E-30,-1E-30,-1E-30,-1E-30,-1E-30,-1E-30,-1E-30,-1E-30,-1E-30,-1E-30,-1E-30,-1E-30,-1E-30,-1E-30,-1E-30,-1E-30,-1E-30,-1E-30,-1E-30,-1E-30,-1E-30,-1E-30,-1E-30,-1E-30,-1E-30,-1E-30,-1E-30,-1E-30,-1E-30,-1E-30,-1E-30,-1E-30,-1E-30,-1E-30,-1E-30,-1E-30,-1E-30,-1E-30,-1E-30,-1E-30,-1E-30,-1E-30,-1E-30,-1E-30,-1E-30,-1E-30,-1E-30,-1E-30,9.068597,10.02827,9.62,10.92212,14.62379,13.33353,12.59229,14.81172,12.38721,5.402972,-1E-30,-1E-30,33.36297,23.9985,18.98681,13.83698,11.46089,-1E-30,-1E-30,-1E-30
62,-1E-30,-1E-30,-1E-30,-1E-30,-1E-30,-1E-30,-1E-30,-1E-30,-1E-30,-1E-30,-1E-30,-1E-30,-1E-30,-1E-30,-1E-30,-1E-30,-1E-30,-1E-30,-1E-30,-1E-30,-1E-30,-1E-30,-1E-30,-1E-30,-1E-30,-1E-30,-1E-30,-1E-30,-1E-30,-1E-30,-1E-30,-1E-30,-1E-30,-1E-30,-1E-30,-1E-30,-1E-30,-1E-30,-1E-30,-1E-30,-1E-30,-1E-30,-1E-30,-1E-30,-1E-30,-1E-30,-1E-30,-1E-30,-1E-30,-1E-30,-1E-30,6.959121,10.16659,9.682035,11.44036,15.14928,12.7645,13.57302,15.78499,10.67805,-1E-30,-1E-30,-1E-30,28.9069,28.12608,17.42189,14.35588,11.92123,-1E-30,-1E-30,-1E-30
63,-1E-30,-1E-30,-1E-30,-1E-30,-1E-30,-1E-30,-1E-30,-1E-30,-1E-30,-1E-30,-1E-30,-1E-30,-1E-30,-1E-30,-1E-30,-1E-30,-1E-30,-1E-30,-1E-30,-1E-30,-1E-30,-1E-30,-1E-30,-1E-30,-1E-30,-1E-30,-1E-30,-1E-30,-1E-30,-1E-30,-1E-30,-1E-30,-1E-30,-1E-30,-1E-30,-1E-30,-1E-30,-1E-30,-1E-30,-1E-30,-1E-30,-1E-30,-1E-30,-1E-30,-1E-30,-1E-30,-1E-30,-1E-30,-1E-30,-1E-30,-1E-30,5.024794,9.734876,10.21878,9.764035,12.52118,13.09562,17.43241,18.55654,9.612588,-1E-30,-1E-30,21.18117,31.30481,25.72139,15.13733,16.73441,10.71887,-1E-30,-1E-30,-1E-30
64,-1E-30,-1E-30,-1E-30,-1E-30,-1E-30,-1E-30,-1E-30,-1E-30,-1E-30,-1E-30,-1E-30,-1E-30,-1E-30,-1E-30,-1E-30,-1E-30,-1E-30,-1E-30,-1E-30,-1E-30,-1E-30,-1E-30,-1E-30,-1E-30,-1E-30,-1E-30,-1E-30,-1E-30,-1E-30,-1E-30,-1E-30,-1E-30,-1E-30,-1E-30,-1E-30,-1E-30,-1E-30,-1E-30,-1E-30,-1E-30,-1E-30,-1E-30,-1E-30,-1E-30,-1E-30,-1E-30,-1E-30,-1E-30,-1E-30,-1E-30,-1E-30,3.419744,7.338362,9.878788,9.74008,14.51949,15.32572,18.89611,20.48114,20.49935,10.85471,19.78032,28.50923,29.64953,25.66145,19.9314,16.43014,9.004101,1.62,-1E-30,-1E-30
65,-1E-30,-1E-30,-1E-30,-1E-30,-1E-30,-1E-30,-1E-30,-1E-30,-1E-30,-1E-30,-1E-30,-1E-30,-1E-30,-1E-30,-1E-30,-1E-30,-1E-30,-1E-30,-1E-30,-1E-30,-1E-30,-1E-30,-1E-30,-1E-30,-1E-30,-1E-30,-1E-30,-1E-30,-1E-30,-1E-30,-1E-30,-1E-30,-1E-30,-1E-30,-1E-30,-1E-30,-1E-30,-1E-30,-1E-30,-1E-30,-1E-30,-1E-30,-1E-30,-1E-30,-1E-30,-1E-30,-1E-30,-1E-30,-1E-30,-1E-30,-1E-30,1.785574,4.824195,7.203454,10.17238,11.96215,13.39991,15.68446,19.62,23.86203,19.62,20.34385,27.48064,26.69669,25.67903,22.34743,17.39833,11.46958,3.821867,-1E-30,-1E-30
66,-1E-30,-1E-30,-1E-30,-1E-30,-1E-30,-1E-30,-1E-30,-1E-30,-1E-30,-1E-30,-1E-30,-1E-30,-1E-30,-1E-30,-1E-30,-1E-30,-1E-30,-1E-30,-1E-30,-1E-30,-1E-30,-1E-30,-1E-30,-1E-30,-1E-30,-1E-30,-1E-30,-1E-30,-1E-30,-1E-30,-1E-30,-1E-30,-1E-30,-1E-30,-1E-30,-1E-30,-1E-30,-1E-30,-1E-30,-1E-30,-1E-30,-1E-30,-1E-30,-1E-30,-1E-30,-1E-30,-1E-30,-1E-30,-1E-30,-1E-30,-1E-30,1.62,4.602684,5.62,6.952128,10.37897,11.52193,15.19052,17.88981,19.37,19.62,22.35349,21.61005,25.37545,26.02619,23.55713,20.13284,15.41664,9.497562,1.493589,-1E-30
67,-1E-30,-1E-30,-1E-30,-1E-30,-1E-30,-1E-30,-1E-30,-1E-30,-1E-30,-1E-30,-1E-30,-1E-30,-1E-30,-1E-30,-1E-30,-1E-30,-1E-30,-1E-30,-1E-30,-1E-30,-1E-30,-1E-30,-1E-30,-1E-30,-1E-30,-1E-30,-1E-30,-1E-30,-1E-30,-1E-30,-1E-30,-1E-30,-1E-30,-1E-30,-1E-30,-1E-30,-1E-30,-1E-30,-1E-30,-1E-30,-1E-30,-1E-30,-1E-30,-1E-30,-1E-30,-1E-30,-1E-30,-1E-30,-1E-30,-1E-30,-1E-30,-1E-30,4.988163,5.47672,5.651246,9.031832,11.19862,13.45858,15.94289,16.22929,17.79813,18.59264,19.31382,22.32385,26.09995,26.21553,22.23048,16.32832,12.43001,3.460057,-1E-30
68,-1E-30,-1E-30,-1E-30,-1E-30,-1E-30,-1E-30,-1E-30,-1E-30,-1E-30,-1E-30,-1E-30,-1E-30,-1E-30,-1E-30,-1E-30,-1E-30,-1E-30,-1E-30,-1E-30,-1E-30,-1E-30,-1E-30,-1E-30,-1E-30,-1E-30,-1E-30,-1E-30,-1E-30,-1E-30,-1E-30,-1E-30,-1E-30,-1E-30,-1E-30,-1E-30,-1E-30,-1E-30,-1E-30,-1E-30,-1E-30,-1E-30,-1E-30,-1E-30,-1E-30,-1E-30,-1E-30,-1E-30,-1E-30,-1E-30,-1E-30,-1E-30,-1E-30,5.464771,4.707388,5.62,7.232151,9.310996,13.22176,13.9901,14.81161,17.71372,18.49301,19.57502,18.74456,23.47929,27.42119,27.4239,17.62687,13.10711,8.290241,-1E-30
69,-1E-30,-1E-30,-1E-30,-1E-30,-1E-30,-1E-30,-1E-30,-1E-30,-1E-30,-1E-30,-1E-30,-1E-30,-1E-30,-1E-30,-1E-30,-1E-30,-1E-30,-1E-30,-1E-30,-1E-30,-1E-30,-1E-30,-1E-30,-1E-30,-1E-30,-1E-30,-1E-30,-1E-30,-1E-30,-1E-30,-1E-30,-1E-30,-1E-30,-1E-30,-1E-30,-1E-30,-1E-30,-1E-30,-1E-30,-1E-30,-1E-30,-1E-30,-1E-30,-1E-30,-1E-30,-1E-30,-1E-30,-1E-30,-1E-30,-1E-30,-1E-30,-1E-30,1.922052,3.62,5.528755,6.261707,8.193868,11.39296,13.62,14.69053,16.81574,16.74682,15.98797,16.48668,20.23245,25.26969,25.3515,21.01255,12.17659,6.575104,-1E-30
70,-1E-30,-1E-30,-1E-30,-1E-30,-1E-30,-1E-30,-1E-30,-1E-30,-1E-30,-1E-30,-1E-30,-1E-30,-1E-30,-1E-30,-1E-30,-1E-30,-1E-30,-1E-30,-1E-30,-1E-30,-1E-30,-1E-30,-1E-30,-1E-30,-1E-30,-1E-30,-1E-30,-1E-30,-1E-30,-1E-30,-1E-30,-1E-30,-1E-30,-1E-30,-1E-30,-1E-30,-1E-30,-1E-30,-1E-30,-1E-30,-1E-30,-1E-30,-1E-30,-1E-30,-1E-30,-1E-30,-1E-30,-1E-30,-1E-30,-1E-30,-1E-30,-1E-30,-1E-30,1.62,4.534173,5.932228,7.514895,9.264979,12.90027,13.23407,14.54565,18.16669,16.60579,15.27649,12.57351,22.48151,24.96882,21.33415,9.62,-1E-30,-1E-30
71,-1E-30,-1E-30,-1E-30,-1E-30,-1E-30,-1E-30,-1E-30,-1E-30,-1E-30,-1E-30,-1E-30,-1E-30,-1E-30,-1E-30,-1E-30,-1E-30,-1E-30,-1E-30,-1E-30,-1E-30,-1E-30,-1E-30,-1E-30,-1E-30,-1E-30,-1E-30,-1E-30,-1E-30,-1E-30,-1E-30,-1E-30,-1E-30,-1E-30,-1E-30,-1E-30,-1E-30,-1E-30,-1E-30,-1E-30,-1E-30,-1E-30,-1E-30,-1E-30,-1E-30,-1E-30,-1E-30,-1E-30,-1E-30,-1E-30,-1E-30,-1E-30,-1E-30,-1E-30,-1E-30,2.487994,4.856876,6.499132,8.199698,10.19237,11.33857,13.49295,18.60431,14.87503,10.95051,9.763164,18.20477,25.1397,26.51606,4.095339,-1E-30,-1E-30
72,-1E-30,-1E-30,-1E-30,-1E-30,-1E-30,-1E-30,-1E-30,-1E-30,-1E-30,-1E-30,-1E-30,-1E-30,-1E-30,-1E-30,-1E-30,-1E-30,-1E-30,-1E-30,-1E-30,-1E-30,-1E-30,-1E-30,-1E-30,-1E-30,-1E-30,-1E-30,-1E-30,-1E-30,-1E-30,-1E-30,-1E-30,-1E-30,-1E-30,-1E-30,-1E-30,-1E-30,-1E-30,-1E-30,-1E-30,-1E-30,-1E-30,-1E-30,-1E-30,-1E-30,-1E-30,-1E-30,-1E-30,-1E-30,-1E-30,-1E-30,-1E-30,-1E-30,-1E-30,-1E-30,-1E-30,1.948284,5.508058,6.906583,10.10054,11.15402,11.91124,16.72724,18.97859,13.36087,9.966817,12.67825,21.55807,31.61309,17.70467,-1E-30,-1E-30
73,-1E-30,-1E-30,-1E-30,-1E-30,-1E-30,-1E-30,-1E-30,-1E-30,-1E-30,-1E-30,-1E-30,-1E-30,-1E-30,-1E-30,-1E-30,-1E-30,-1E-30,-1E-30,-1E-30,-1E-30,-1E-30,-1E-30,-1E-30,-1E-30,-1E-30,-1E-30,-1E-30,-1E-30,-1E-30,-1E-30,-1E-30,-1E-30,-1E-30,-1E-30,-1E-30,-1E-30,-1E-30,-1E-30,-1E-30,-1E-30,-1E-30,-1E-30,-1E-30,-1E-30,-1E-30,-1E-30,-1E-30,-1E-30,-1E-30,-1E-30,-1E-30,-1E-30,-1E-30,-1E-30,-1E-30,-1E-30,-1E-30,5.62,6.865845,9.124176,10.74247,13.49913,18.27161,17.23776,9.62,10.73827,18.6708,26.302,24.76163,-1E-30,-1E-30
74,-1E-30,-1E-30,-1E-30,-1E-30,-1E-30,-1E-30,-1E-30,-1E-30,-1E-30,-1E-30,-1E-30,-1E-30,-1E-30,-1E-30,-1E-30,-1E-30,-1E-30,-1E-30,-1E-30,-1E-30,-1E-30,-1E-30,-1E-30,-1E-30,-1E-30,-1E-30,-1E-30,-1E-30,-1E-30,-1E-30,-1E-30,-1E-30,-1E-30,-1E-30,-1E-30,-1E-30,-1E-30,-1E-30,-1E-30,-1E-30,-1E-30,-1E-30,-1E-30,-1E-30,-1E-30,-1E-30,-1E-30,-1E-30,-1E-30,-1E-30,-1E-30,-1E-30,-1E-30,-1E-30,-1E-30,-1E-30,-1E-30,-1E-30,4.769666,6.732846,7.912427,10.60876,14.73467,20.44569,13.15663,10.07682,16.95696,27.06332,25.62923,10.33121,-1E-30
75,-1E-30,-1E-30,-1E-30,-1E-30,-1E-30,-1E-30,-1E-30,-1E-30,-1E-30,-1E-30,-1E-30,-1E-30,-1E-30,-1E-30,-1E-30,-1E-30,-1E-30,-1E-30,-1E-30,-1E-30,-1E-30,-1E-30,-1E-30,-1E-30,-1E-30,-1E-30,-1E-30,-1E-30,-1E-30,-1E-30,-1E-30,-1E-30,-1E-30,-1E-30,-1E-30,-1E-30,-1E-30,-1E-30,-1E-30,-1E-30,-1E-30,-1E-30,-1E-30,-1E-30,-1E-30,-1E-30,-1E-30,-1E-30,-1E-30,-1E-30,-1E-30,-1E-30,-1E-30,-1E-30,-1E-30,-1E-30,-1E-30,-1E-30,-1E-30,1.62,4.911366,5.802382,8.092186,18.55475,17.96309,13.62859,13.98014,22.8899,28.36703,13.76738,-1E-30
76,-1E-30,-1E-30,-1E-30,-1E-30,-1E-30,-1E-30,-1E-30,-1E-30,-1E-30,-1E-30,-1E-30,-1E-30,-1E-30,-1E-30,-1E-30,-1E-30,-1E-30,-1E-30,-1E-30,-1E-30,-1E-30,-1E-30,-1E-30,-1E-30,-1E-30,-1E-30,-1E-30,-1E-30,-1E-30,-1E-30,-1E-30,-1E-30,-1E-30,-1E-30,-1E-30,-1E-30,-1E-30,-1E-30,-1E-30,-1E-30,-1E-30,-1E-30,-1E-30,-1E-30,-1E-30,-1E-30,-1E-30,-1E-30,-1E-30,-1E-30,-1E-30,-1E-30,-1E-30,-1E-30,-1E-30,-1E-30,-1E-30,-1E-30,-1E-30,-1E-30,-1E-30,-1E-30,-1E-30,4.850653,19.69228,17.19058,13.35524,19.62,25.24171,12.71083,-1E-30
77,-1E-30,-1E-30,-1E-30,-1E-30,-1E-30,-1E-30,-1E-30,-1E-30,-1E-30,-1E-30,-1E-30,-1E-30,-1E-30,-1E-30,-1E-30,-1E-30,-1E-30,-1E-30,-1E-30,-1E-30,-1E-30,-1E-30,-1E-30,-1E-30,-1E-30,-1E-30,-1E-30,-1E-30,-1E-30,-1E-30,-1E-30,-1E-30,-1E-30,-1E-30,-1E-30,-1E-30,-1E-30,-1E-30,-1E-30,-1E-30,-1E-30,-1E-30,-1E-30,-1E-30,-1E-30,-1E-30,-1E-30,-1E-30,-1E-30,-1E-30,-1E-30,-1E-30,-1E-30,-1E-30,-1E-30,-1E-30,-1E-30,-1E-30,-1E-30,-1E-30,-1E-30,-1E-30,-1E-30,-1E-30,-1E-30,15.66363,18.9029,17.59967,29.41068,11.94925,0.8864692
78,-1E-30,-1E-30,-1E-30,-1E-30,-1E-30,-1E-30,-1E-30,-1E-30,-1E-30,-1E-30,-1E-30,-1E-30,-1E-30,-1E-30,-1E-30,-1E-30,-1E-30,-1E-30,-1E-30,-1E-30,-1E-30,-1E-30,-1E-30,-1E-30,-1E-30,-1E-30,-1E-30,-1E-30,-1E-30,-1E-30,-1E-30,-1E-30,-1E-30,-1E-30,-1E-30,-1E-30,-1E-30,-1E-30,-1E-30,-1E-30,-1E-30,-1E-30,-1E-30,-1E-30,-1E-30,-1E-30,-1E-30,-1E-30,-1E-30,-1E-30,-1E-30,-1E-30,-1E-30,-1E-30,-1E-30,-1E-30,-1E-30,-1E-30,-1E-30,-1E-30,-1E-30,-1E-30,-1E-30,-1E-30,-1E-30,-1E-30,8.753327,14.71872,26.28786,13.2875,2.520925
79,-1E-30,-1E-30,-1E-30,-1E-30,-1E-30,-1E-30,-1E-30,-1E-30,-1E-30,-1E-30,-1E-30,-1E-30,-1E-30,-1E-30,-1E-30,-1E-30,-1E-30,-1E-30,-1E-30,-1E-30,-1E-30,-1E-30,-1E-30,-1E-30,-1E-30,-1E-30,-1E-30,-1E-30,-1E-30,-1E-30,-1E-30,-1E-30,-1E-30,-1E-30,-1E-30,-1E-30,-1E-30,-1E-30,-1E-30,-1E-30,-1E-30,-1E-30,-1E-30,-1E-30,-1E-30,-1E-30,-1E-30,-1E-30,-1E-30,-1E-30,-1E-30,-1E-30,-1E-30,-1E-30,-1E-30,-1E-30,-1E-30,-1E-30,-1E-30,-1E-30,-1E-30,-1E-30,-1E-30,-1E-30,-1E-30,1.724923,5.772261,12.47414,19.62,17.90679,3.199669
80,-1E-30,-1E-30,-1E-30,-1E-30,-1E-30,-1E-30,-1E-30,-1E-30,-1E-30,-1E-30,-1E-30,-1E-30,-1E-30,-1E-30,-1E-30,-1E-30,-1E-30,-1E-30,-1E-30,-1E-30,-1E-30,-1E-30,-1E-30,-1E-30,-1E-30,-1E-30,-1E-30,-1E-30,-1E-30,-1E-30,-1E-30,-1E-30,-1E-30,-1E-30,-1E-30,-1E-30,-1E-30,-1E-30,-1E-30,-1E-30,-1E-30,-1E-30,-1E-30,-1E-30,-1E-30,-1E-30,-1E-30,-1E-30,-1E-30,-1E-30,-1E-30,-1E-30,-1E-30,-1E-30,-1E-30,-1E-30,-1E-30,-1E-30,-1E-30,-1E-30,-1E-30,-1E-30,-1E-30,-1E-30,-1E-30,3.888249,5.62,14.41704,25.30721,23.01393,3.604636
81,-1E-30,-1E-30,-1E-30,-1E-30,-1E-30,-1E-30,-1E-30,-1E-30,-1E-30,-1E-30,-1E-30,-1E-30,-1E-30,-1E-30,-1E-30,-1E-30,-1E-30,-1E-30,-1E-30,-1E-30,-1E-30,-1E-30,-1E-30,-1E-30,-1E-30,-1E-30,-1E-30,-1E-30,-1E-30,-1E-30,-1E-30,-1E-30,-1E-30,-1E-30,-1E-30,-1E-30,-1E-30,-1E-30,-1E-30,-1E-30,-1E-30,-1E-30,-1E-30,-1E-30,-1E-30,-1E-30,-1E-30,-1E-30,-1E-30,-1E-30,-1E-30,-1E-30,-1E-30,-1E-30,-1E-30,-1E-30,-1E-30,-1E-30,-1E-30,-1E-30,-1E-30,-1E-30,-1E-30,-1E-30,-1E-30,5.665898,8.324015,21.13601,28.7805,24.50624,3.62
82,-1E-30,-1E-30,-1E-30,-1E-30,-1E-30,-1E-30,-1E-30,-1E-30,-1E-30,-1E-30,-1E-30,-1E-30,-1E-30,-1E-30,-1E-30,-1E-30,-1E-30,-1E-30,-1E-30,-1E-30,-1E-30,-1E-30,-1E-30,-1E-30,-1E-30,-1E-30,-1E-30,-1E-30,-1E-30,-1E-30,-1E-30,-1E-30,-1E-30,-1E-30,-1E-30,-1E-30,-1E-30,-1E-30,-1E-30,-1E-30,-1E-30,-1E-30,-1E-30,-1E-30,-1E-30,-1E-30,-1E-30,-1E-30,-1E-30,-1E-30,-1E-30,-1E-30,-1E-30,-1E-30,-1E-30,-1E-30,-1E-30,-1E-30,-1E-30,-1E-30,-1E-30,-1E-30,-1E-30,-1E-30,-1E-30,5.891984,17.49821,25.31899,30.75952,19.11907,1.829435
83,-1E-30,-1E-30,-1E-30,-1E-30,-1E-30,-1E-30,-1E-30,-1E-30,-1E-30,-1E-30,-1E-30,-1E-30,-1E-30,-1E-30,-1E-30,-1E-30,-1E-30,-1E-30,-1E-30,-1E-30,-1E-30,-1E-30,-1E-30,-1E-30,-1E-30,-1E-30,-1E-30,-1E-30,-1E-30,-1E-30,-1E-30,-1E-30,-1E-30,-1E-30,-1E-30,-1E-30,-1E-30,-1E-30,-1E-30,-1E-30,-1E-30,-1E-30,-1E-30,-1E-30,-1E-30,-1E-30,-1E-30,-1E-30,-1E-30,-1E-30,-1E-30,-1E-30,-1E-30,-1E-30,-1E-30,-1E-30,-1E-30,-1E-30,-1E-30,-1E-30,-1E-30,-1E-30,-1E-30,-1E-30,1.054678,7.690578,20.50004,29.5378,39.62,7.468353,0.2020972
84,-1E-30,-1E-30,-1E-30,-1E-30,-1E-30,-1E-30,-1E-30,-1E-30,-1E-30,-1E-30,-1E-30,-1E-30,-1E-30,-1E-30,-1E-30,-1E-30,-1E-30,-1E-30,-1E-30,-1E-30,-1E-30,-1E-30,-1E-30,-1E-30,-1E-30,-1E-30,-1E-30,-1E-30,-1E-30,-1E-30,-1E-30,-1E-30,-1E-30,-1E-30,-1E-30,-1E-30,-1E-30,-1E-30,-1E-30,-1E-30,-1E-30,-1E-30,-1E-30,-1E-30,-1E-30,-1E-30,-1E-30,-1E-30,-1E-30,-1E-30,-1E-30,-1E-30,-1E-30,-1E-30,-1E-30,-1E-30,-1E-30,-1E-30,-1E-30,-1E-30,-1E-30,-1E-30,-1E-30,-1E-30,2.645377,12.93614,23.95077,30.41332,35.10222,5.117641,-1E-30
85,-1E-30,-1E-30,-1E-30,-1E-30,-1E-30,-1E-30,-1E-30,-1E-30,-1E-30,-1E-30,-1E-30,-1E-30,-1E-30,-1E-30,-1E-30,-1E-30,-1E-30,-1E-30,-1E-30,-1E-30,-1E-30,-1E-30,-1E-30,-1E-30,-1E-30,-1E-30,-1E-30,-1E-30,-1E-30,-1E-30,-1E-30,-1E-30,-1E-30,-1E-30,-1E-30,-1E-30,-1E-30,-1E-30,-1E-30,-1E-30,-1E-30,-1E-30,-1E-30,-1E-30,-1E-30,-1E-30,-1E-30,-1E-30,-1E-30,-1E-30,-1E-30,-1E-30,-1E-30,-1E-30,-1E-30,-1E-30,-1E-30,-1E-30,-1E-30,-1E-30,-1E-30,-1E-30,-1E-30,-1E-30,9.319839,20.02979,26.85111,35.7501,23.30646,5.62,-1E-30
86,-1E-30,-1E-30,-1E-30,-1E-30,-1E-30,-1E-30,-1E-30,-1E-30,-1E-30,-1E-30,-1E-30,-1E-30,-1E-30,-1E-30,-1E-30,-1E-30,-1E-30,-1E-30,-1E-30,-1E-30,-1E-30,-1E-30,-1E-30,-1E-30,-1E-30,-1E-30,-1E-30,-1E-30,-1E-30,-1E-30,-1E-30,-1E-30,-1E-30,-1E-30,-1E-30,-1E-30,-1E-30,-1E-30,-1E-30,-1E-30,-1E-30,-1E-30,-1E-30,-1E-30,-1E-30,-1E-30,-1E-30,-1E-30,-1E-30,-1E-30,-1E-30,-1E-30,-1E-30,-1E-30,-1E-30,-1E-30,-1E-30,-1E-30,-1E-30,-1E-30,-1E-30,-1E-30,-1E-30,3.518462,13.30563,24.46721,27.76328,33.61945,15.56123,5.62,-1E-30
87,-1E-30,-1E-30,-1E-30,-1E-30,-1E-30,-1E-30,-1E-30,-1E-30,-1E-30,-1E-30,-1E-30,-1E-30,-1E-30,-1E-30,-1E-30,-1E-30,-1E-30,-1E-30,-1E-30,-1E-30,-1E-30,-1E-30,-1E-30,-1E-30,-1E-30,-1E-30,-1E-30,-1E-30,-1E-30,-1E-30,-1E-30,-1E-30,-1E-30,-1E-30,-1E-30,-1E-30,-1E-30,-1E-30,-1E-30,-1E-30,-1E-30,-1E-30,-1E-30,-1E-30,-1E-30,-1E-30,-1E-30,-1E-30,-1E-30,-1E-30,-1E-30,-1E-30,-1E-30,-1E-30,-1E-30,-1E-30,-1E-30,-1E-30,-1E-30,-1E-30,-1E-30,-1E-30,-1E-30,9.082714,21.56847,27.03597,27.08186,27.08055,21.50188,7.725968,-1E-30
88,-1E-30,-1E-30,-1E-30,-1E-30,-1E-30,-1E-30,-1E-30,-1E-30,-1E-30,-1E-30,-1E-30,-1E-30,-1E-30,-1E-30,-1E-30,-1E-30,-1E-30,-1E-30,-1E-30,-1E-30,-1E-30,-1E-30,-1E-30,-1E-30,-1E-30,-1E-30,-1E-30,-1E-30,-1E-30,-1E-30,-1E-30,-1E-30,-1E-30,-1E-30,-1E-30,-1E-30,-1E-30,-1E-30,-1E-30,-1E-30,-1E-30,-1E-30,-1E-30,-1E-30,-1E-30,-1E-30,-1E-30,-1E-30,-1E-30,-1E-30,-1E-30,-1E-30,-1E-30,-1E-30,-1E-30,-1E-30,-1E-30,-1E-30,-1E-30,-1E-30,-1E-30,-1E-30,9.019359,18.34721,23.30548,26.35646,27.50975,32.23834,21.47425,11.58991,-1E-30
89,-1E-30,-1E-30,-1E-30,-1E-30,-1E-30,-1E-30,-1E-30,-1E-30,-1E-30,-1E-30,-1E-30,-1E-30,-1E-30,-1E-30,-1E-30,-1E-30,-1E-30,-1E-30,-1E-30,-1E-30,-1E-30,-1E-30,-1E-30,-1E-30,-1E-30,-1E-30,-1E-30,-1E-30,-1E-30,-1E-30,-1E-30,-1E-30,-1E-30,-1E-30,-1E-30,-1E-30,-1E-30,-1E-30,-1E-30,-1E-30,-1E-30,-1E-30,-1E-30,-1E-30,-1E-30,-1E-30,-1E-30,-1E-30,-1E-30,-1E-30,-1E-30,-1E-30,-1E-30,-1E-30,-1E-30,-1E-30,-1E-30,-1E-30,-1E-30,-1E-30,-1E-30,5.62,16.79705,22.53997,24.76609,25.60944,26.84258,26.26348,21.37121,12.16458,0.9030893
90,-1E-30,-1E-30,-1E-30,-1E-30,-1E-30,-1E-30,-1E-30,-1E-30,-1E-30,-1E-30,-1E-30,-1E-30,-1E-30,-1E-30,-1E-30,-1E-30,-1E-30,-1E-30,-1E-30,-1E-30,-1E-30,-1E-30,-1E-30,-1E-30,-1E-30,-1E-30,-1E-30,-1E-30,-1E-30,-1E-30,-1E-30,-1E-30,-1E-30,-1E-30,-1E-30,-1E-30,-1E-30,-1E-30,-1E-30,-1E-30,-1E-30,-1E-30,-1E-30,-1E-30,-1E-30,-1E-30,-1E-30,-1E-30,-1E-30,-1E-30,-1E-30,-1E-30,-1E-30,-1E-30,-1E-30,-1E-30,-1E-30,-1E-30,-1E-30,-1E-30,6.009466,9.063113,21.24195,23.34902,24.50992,24.31591,25.99139,26.05405,21.60743,9.823403,-1E-30
